Commune,District,Population,Demand_Beds,Closest_Distance_km,Closest_Hospital,Pop_2016,Pop_2017,Pop_2018,Pop_2019,Pop_2020,Pop_2021,Pop_2022,Pop_2023,Pop_2024,Patients_5day_2022,Demand_Beds_2022,Patients_5day_2025,Demand_Beds_2025,Patients_5day_2030,Demand_Beds_2030,Patients_5day_2040,Demand_Beds_2040
Aclens,Morges,609,1.3681643835616437,5.025443491,Hôpital de Morges,545,535,539,528,517,557,578,587,609,1.3682,1.3682,1.5094,1.5094,1.7781,1.7781,2.4673,2.4673
Agiez,Jura-Nord vaudois,382,0.8581917808219178,2.2278645360000002,Hôpital d'Orbe,314,327,354,377,375,381,383,373,382,0.8582,0.8582,0.9468,0.9468,1.1153,1.1153,1.5476,1.5476
Aigle,Aigle,12081,27.14087671232877,0.5685114925,Molage,10153,10134,10217,10518,10823,10937,11437,11780,12081,27.1409,27.1409,29.9435,29.9435,35.2724,35.2724,48.944,48.944
Allaman,Morges,412,0.9255890410958904,2.430982582,Hôpital d'Aubonne,442,434,451,443,430,420,431,430,412,0.9256,0.9256,1.0212,1.0212,1.2029,1.2029,1.6691,1.6691
Arnex-sur-Nyon,Nyon,274,0.6155616438356165,2.851356441,Clinique la Métairie,224,235,229,240,226,240,242,267,274,0.6156,0.6156,0.6791,0.6791,0.8,0.8,1.1101,1.1101
Arnex-sur-Orbe,Jura-Nord vaudois,698,1.5681095890410959,3.182314691,Hôpital de Saint-Loup,642,631,633,637,665,692,661,697,698,1.5681,1.5681,1.73,1.73,2.0379,2.0379,2.8278,2.8278
Arzier-Le Muids,Nyon,2999,6.737479452054795,1.339731763,Clinique de Genolier,2653,2697,2801,2912,2947,2954,2971,2968,2999,6.7375,6.7375,7.4332,7.4332,8.7561,8.7561,12.1499,12.1499
Assens,Gros-de-Vaud,1747,3.9247671232876717,8.577081774,Permanence de Cossonay,1569,1593,1595,1666,1669,1669,1698,1711,1747,3.9248,3.9248,4.3301,4.3301,5.1006,5.1006,7.0777,7.0777
Aubonne,Morges,3896,8.752657534246577,0.37582198390000005,Hôpital d'Aubonne,3803,3778,3817,3764,3780,3792,3841,3862,3896,8.7527,8.7527,9.6565,9.6565,11.375,11.375,15.7839,15.7839
Avenches,Broye-Vully,4953,11.127287671232876,9.767493011000001,Payerne,4210,4282,4305,4482,4617,4696,4873,4895,4953,11.1273,11.1273,12.2763,12.2763,14.4611,14.4611,20.0662,20.0662
Ballaigues,Jura-Nord vaudois,1217,2.7340821917808222,9.280916801,Hôpital d'Orbe,1095,1075,1108,1143,1173,1152,1193,1209,1217,2.7341,2.7341,3.0164,3.0164,3.5532,3.5532,4.9305,4.9305
Ballens,Morges,580,1.303013698630137,6.290738875,Institution de Lavigny,527,536,545,562,567,590,576,579,580,1.303,1.303,1.4376,1.4376,1.6934,1.6934,2.3498,2.3498
Bassins,Nyon,1468,3.297972602739726,2.358372418,Clinique de Genolier,1356,1347,1395,1475,1487,1478,1483,1484,1468,3.298,3.298,3.6385,3.6385,4.2861,4.2861,5.9473,5.9473
Baulmes,Jura-Nord vaudois,1189,2.6711780821917808,3.892353466,Les Rosiers,1053,1027,1042,1074,1126,1132,1146,1168,1189,2.6712,2.6712,2.947,2.947,3.4715,3.4715,4.817,4.817
Bavois,Jura-Nord vaudois,1055,2.37013698630137,5.100011848,Hôpital de Saint-Loup,928,942,952,994,978,1009,1037,1041,1055,2.3701,2.3701,2.6149,2.6149,3.0802,3.0802,4.2741,4.2741
Begnins,Nyon,2047,4.5987397260273974,2.357796021,Clinique de Genolier,1910,1952,1931,1928,1940,1938,2008,2041,2047,4.5987,4.5987,5.0736,5.0736,5.9765,5.9765,8.2931,8.2931
Belmont-sur-Lausanne,Lavaux-Oron,3891,8.741424657534246,3.080199251,Centre Hospitalier Universitaire Vaudois,3662,3732,3773,3756,3871,3835,3896,3922,3891,8.7414,8.7414,9.6441,9.6441,11.3604,11.3604,15.7637,15.7637
Belmont-sur-Yverdon,Jura-Nord vaudois,457,1.0266849315068494,3.781828795,Hôpital d'Yverdon-les-Bains,378,384,374,396,415,434,443,445,457,1.0267,1.0267,1.1327,1.1327,1.3343,1.3343,1.8515,1.8515
Bercher,Gros-de-Vaud,1359,3.053095890410959,7.569125913,Moudon,1221,1239,1280,1323,1320,1359,1330,1344,1359,3.0531,3.0531,3.3684,3.3684,3.9678,3.9678,5.5057,5.5057
Berolle,Morges,300,0.673972602739726,8.5076363,Hôpital d'Aubonne,301,307,300,313,308,303,304,303,300,0.674,0.674,0.7436,0.7436,0.8759,0.8759,1.2154,1.2154
Bettens,Gros-de-Vaud,652,1.4647671232876716,5.654411161,Permanence de Cossonay,574,592,650,636,626,650,644,653,652,1.4648,1.4648,1.616,1.616,1.9036,1.9036,2.6415,2.6415
Bex,Aigle,8923,20.046191780821918,7.464352971,Aigle Pôle Physio-Ergo d'Aigle,7719,7757,7869,7828,8060,8151,8508,8806,8923,20.0462,20.0462,22.1162,22.1162,26.0521,26.0521,36.1499,36.1499
Bière,Morges,1701,3.8214246575342465,6.428672839,Hôpital d'Aubonne,1577,1595,1596,1627,1635,1683,1717,1680,1701,3.8214,3.8214,4.216,4.216,4.9663,4.9663,6.8913,6.8913
Bioley-Magnoux,Jura-Nord vaudois,252,0.5661369863013699,7.169325874,Hôpital d'Yverdon-les-Bains,225,225,228,230,234,247,253,257,252,0.5661,0.5661,0.6246,0.6246,0.7358,0.7358,1.0209,1.0209
Blonay - Saint-Légier,Riviera-Pays-d'Enhaut,12597,28.300109589041092,0.6791864828,Fondation Rive-Neuve,11350,11360,11394,11737,11924,12123,12340,12463,12597,28.3001,28.3001,31.2225,31.2225,36.779,36.779,51.0345,51.0345
Bofflens,Jura-Nord vaudois,201,0.4515616438356164,3.96246721,Hôpital d'Orbe,191,196,194,206,206,204,194,200,201,0.4516,0.4516,0.4982,0.4982,0.5869,0.5869,0.8143,0.8143
Bogis-Bossey,Nyon,961,2.158958904109589,5.354266931,Clinique Bois-Bougy,893,867,825,835,888,923,983,990,961,2.159,2.159,2.3819,2.3819,2.8058,2.8058,3.8933,3.8933
Bonvillars,Jura-Nord vaudois,517,1.1614794520547944,6.643138665,Psychiatrie Nord CPNVD,495,505,490,489,481,501,526,518,517,1.1615,1.1615,1.2814,1.2814,1.5095,1.5095,2.0945,2.0945
Borex,Nyon,1168,2.624,3.819309058,Hôpital de Nyon,1126,1140,1132,1157,1164,1131,1135,1144,1168,2.624,2.624,2.895,2.895,3.4102,3.4102,4.7319,4.7319
Bottens,Gros-de-Vaud,1389,3.1204931506849314,10.151037120000002,Clinique de la Source,1263,1298,1299,1330,1357,1356,1378,1358,1389,3.1205,3.1205,3.4427,3.4427,4.0554,4.0554,5.6273,5.6273
Bougy-Villars,Morges,493,1.1075616438356164,1.836464602,Hôpital de Rolle,483,490,475,477,496,506,512,511,493,1.1076,1.1076,1.2219,1.2219,1.4394,1.4394,1.9973,1.9973
Boulens,Gros-de-Vaud,371,0.8334794520547946,6.397606436,Moudon,377,384,361,369,371,383,379,368,371,0.8335,0.8335,0.9195,0.9195,1.0832,1.0832,1.503,1.503
Bourg-en-Lavaux,Lavaux-Oron,5558,12.486465753424659,0.6054751687000001,Hôpital de Lavaux,5288,5367,5345,5389,5366,5389,5411,5465,5558,12.4865,12.4865,13.7759,13.7759,16.2275,16.2275,22.5172,22.5172
Bournens,Gros-de-Vaud,612,1.374904109589041,4.562943683,Permanence de Cossonay,419,404,422,490,507,514,519,532,612,1.3749,1.3749,1.5169,1.5169,1.7868,1.7868,2.4794,2.4794
Boussens,Gros-de-Vaud,1016,2.2825205479452055,6.171845491,Permanence de Cossonay,982,968,993,999,1001,1009,1023,1007,1016,2.2825,2.2825,2.5182,2.5182,2.9664,2.9664,4.1161,4.1161
Bremblens,Morges,596,1.338958904109589,2.889791539,Hôpital de Morges,547,548,577,583,607,604,614,615,596,1.339,1.339,1.4772,1.4772,1.7401,1.7401,2.4146,2.4146
Bretigny-sur-Morrens,Gros-de-Vaud,893,2.0061917808219176,7.850201701,Clinique de la Source,825,843,861,859,882,878,893,898,893,2.0062,2.0062,2.2134,2.2134,2.6073,2.6073,3.6178,3.6178
Bretonnières,Jura-Nord vaudois,265,0.5953424657534246,5.050460836999999,Hôpital d'Orbe,262,265,269,268,266,264,259,261,265,0.5953,0.5953,0.6568,0.6568,0.7737,0.7737,1.0736,1.0736
Buchillon,Morges,682,1.5321643835616439,3.3675577280000004,Hôpital d'Aubonne,638,650,686,686,669,670,687,686,682,1.5322,1.5322,1.6904,1.6904,1.9912,1.9912,2.763,2.763
Bullet,Jura-Nord vaudois,687,1.5433972602739727,4.394300931,Les Rosiers,644,655,657,657,657,651,675,682,687,1.5434,1.5434,1.7028,1.7028,2.0058,2.0058,2.7833,2.7833
Bursinel,Nyon,535,1.2019178082191782,2.0854939100000003,Clinique la Lignière,488,471,473,491,515,503,521,530,535,1.2019,1.2019,1.326,1.326,1.562,1.562,2.1675,2.1675
Bursins,Nyon,831,1.866904109589041,2.456251206,Hôpital de Gilly,745,752,782,773,773,766,796,825,831,1.8669,1.8669,2.0597,2.0597,2.4262,2.4262,3.3666,3.3666
Burtigny,Nyon,406,0.912109589041096,3.563134039,Hôpital de Gilly,361,391,390,404,416,414,412,401,406,0.9121,0.9121,1.0063,1.0063,1.1854,1.1854,1.6448,1.6448
Bussigny,Ouest lausannois,12138,27.268931506849313,5.193666889,Hôpital de Morges,8677,8759,8962,9614,10248,10392,10645,11667,12138,27.2689,27.2689,30.0848,30.0848,35.4388,35.4388,49.1749,49.1749
Bussy-sur-Moudon,Broye-Vully,267,0.5998356164383563,1.908009318,Moudon,209,214,218,219,236,246,251,262,267,0.5998,0.5998,0.6618,0.6618,0.7795,0.7795,1.0817,1.0817
Château-d'Oex,Riviera-Pays-d'Enhaut,3689,8.287616438356164,0.6591223813,Château-d'Oex,3433,3460,3468,3494,3549,3568,3625,3656,3689,8.2876,8.2876,9.1434,9.1434,10.7706,10.7706,14.9453,14.9453
Chéserex,Nyon,1272,2.857643835616438,4.689610273,Hôpital de Nyon,1219,1227,1238,1248,1263,1251,1276,1277,1272,2.8576,2.8576,3.1527,3.1527,3.7138,3.7138,5.1533,5.1533
Chêne-Pâquier,Jura-Nord vaudois,172,0.38641095890410965,9.244850819,Hôpital d'Yverdon-les-Bains,139,141,153,144,153,163,175,173,172,0.3864,0.3864,0.4263,0.4263,0.5022,0.5022,0.6968,0.6968
Chamblon,Jura-Nord vaudois,558,1.2535890410958903,0.252160868,Hôpital de Chamblon,534,542,540,559,561,567,561,554,558,1.2536,1.2536,1.383,1.383,1.6292,1.6292,2.2606,2.2606
Champagne,Jura-Nord vaudois,1087,2.442027397260274,5.581731756,Psychiatrie Nord CPNVD,1027,1034,1059,1061,1085,1077,1071,1071,1087,2.442,2.442,2.6942,2.6942,3.1737,3.1737,4.4038,4.4038
Champtauroz,Broye-Vully,184,0.4133698630136986,10.101760550000002,Moudon,128,122,130,144,169,169,188,196,184,0.4134,0.4134,0.4561,0.4561,0.5372,0.5372,0.7454,0.7454
Champvent,Jura-Nord vaudois,692,1.5546301369863016,2.6351058,Hôpital de Chamblon,669,685,689,696,712,734,731,725,692,1.5546,1.5546,1.7152,1.7152,2.0204,2.0204,2.8035,2.8035
Chardonne,Riviera-Pays-d'Enhaut,3384,7.60241095890411,1.812548511,Hôpital psychiatrique Nant,2921,2941,3032,3093,3077,3192,3243,3340,3384,7.6024,7.6024,8.3875,8.3875,9.8801,9.8801,13.7097,13.7097
Chavannes-de-Bogis,Nyon,1423,3.1968767123287676,6.157376513999999,Clinique Bois-Bougy,1290,1281,1357,1329,1330,1314,1394,1388,1423,3.1969,3.1969,3.527,3.527,4.1547,4.1547,5.765,5.765
Chavannes-des-Bois,Nyon,983,2.208383561643836,9.766764237,Clinique Bois-Bougy,942,964,960,1013,1005,1019,1011,982,983,2.2084,2.2084,2.4364,2.4364,2.87,2.87,3.9824,3.9824
Chavannes-le-Chêne,Jura-Nord vaudois,329,0.7391232876712329,9.996198217,Psychiatrie Nord CPNVD,298,308,311,324,325,316,317,322,329,0.7391,0.7391,0.8154,0.8154,0.9606,0.9606,1.3329,1.3329
Chavannes-le-Veyron,Morges,160,0.3594520547945206,4.252204538,Permanence de Cossonay,141,142,152,152,155,163,158,160,160,0.3595,0.3595,0.3966,0.3966,0.4671,0.4671,0.6482,0.6482
Chavannes-près-Renens,Ouest lausannois,10735,24.116986301369867,3.6971491000000003,Hôpital ophtalmique Jules-Gonin,7653,7741,7887,8487,8766,8725,9337,9771,10735,24.117,24.117,26.6074,26.6074,31.3426,31.3426,43.4909,43.4909
Chavannes-sur-Moudon,Broye-Vully,232,0.5212054794520549,1.5730331839999998,Moudon,220,216,210,223,222,218,238,229,232,0.5212,0.5212,0.575,0.575,0.6774,0.6774,0.9399,0.9399
Chavornay,Jura-Nord vaudois,5374,12.07309589041096,3.823215142,Hôpital d'Orbe,4908,4996,5135,5227,5370,5405,5423,5442,5374,12.0731,12.0731,13.3198,13.3198,15.6903,15.6903,21.7718,21.7718
Cheseaux-Noréaz,Jura-Nord vaudois,745,1.6736986301369865,1.72932618,Psychiatrie Nord CPNVD,705,721,725,741,728,734,739,734,745,1.6737,1.6737,1.8465,1.8465,2.1751,2.1751,3.0182,3.0182
Cheseaux-sur-Lausanne,Lausanne,4870,10.94082191780822,6.620629706,Clinique de la Source,4357,4338,4339,4367,4449,4525,4842,4855,4870,10.9408,10.9408,12.0706,12.0706,14.2187,14.2187,19.7299,19.7299
Chessel,Aigle,525,1.1794520547945206,3.696330589,Espace Santé Rennaz,403,426,429,444,497,528,519,528,525,1.1795,1.1795,1.3012,1.3012,1.5328,1.5328,2.1269,2.1269
Chevilly,Morges,345,0.775068493150685,3.250294712,Hôpital de Saint-Loup,298,314,317,317,322,331,337,346,345,0.7751,0.7751,0.8551,0.8551,1.0073,1.0073,1.3977,1.3977
Chevroux,Broye-Vully,487,1.094082191780822,8.334215117,Payerne,470,480,492,495,506,522,524,495,487,1.0941,1.0941,1.2071,1.2071,1.4219,1.4219,1.973,1.973
Chexbres,Lavaux-Oron,2272,5.104219178082191,4.090226412,Hôpital de Lavaux,2250,2238,2235,2251,2229,2204,2230,2263,2272,5.1042,5.1042,5.6313,5.6313,6.6335,6.6335,9.2046,9.2046
Chigny,Morges,410,0.9210958904109591,1.75254541,Hôpital de Morges,338,358,382,396,405,419,422,420,410,0.9211,0.9211,1.0162,1.0162,1.1971,1.1971,1.661,1.661
Clarmont,Morges,232,0.5212054794520549,4.756170871999999,Hôpital de Morges,189,190,191,201,211,213,219,228,232,0.5212,0.5212,0.575,0.575,0.6774,0.6774,0.9399,0.9399
Coinsins,Nyon,510,1.1457534246575343,2.834661039,Clinique de Genolier,484,499,494,509,508,499,519,517,510,1.1458,1.1458,1.2641,1.2641,1.489,1.489,2.0662,2.0662
Commugny,Nyon,2968,6.6678356164383565,7.041143661,Clinique Bois-Bougy,2858,2877,2935,2997,3001,2983,2993,2987,2968,6.6678,6.6678,7.3564,7.3564,8.6656,8.6656,12.0243,12.0243
Concise,Jura-Nord vaudois,1035,2.325205479452055,9.706098900999999,Psychiatrie Nord CPNVD,969,995,1025,1001,1004,1002,1022,1025,1035,2.3252,2.3252,2.5653,2.5653,3.0218,3.0218,4.1931,4.1931
Coppet,Nyon,3233,7.26317808219178,6.599097097,Clinique Bois-Bougy,3123,3126,3211,3247,3211,3184,3183,3216,3233,7.2632,7.2632,8.0132,8.0132,9.4393,9.4393,13.0979,13.0979
Corbeyrier,Aigle,456,1.0244383561643835,3.3483753050000002,Molage,437,438,437,445,439,440,464,452,456,1.0244,1.0244,1.1302,1.1302,1.3314,1.3314,1.8474,1.8474
Corcelles-le-Jorat,Broye-Vully,495,1.1120547945205481,8.835571738,Moudon,460,445,458,451,489,485,500,499,495,1.1121,1.1121,1.2269,1.2269,1.4452,1.4452,2.0054,2.0054
Corcelles-près-Concise,Jura-Nord vaudois,439,0.9862465753424658,8.564435817,Psychiatrie Nord CPNVD,377,401,401,419,416,412,425,438,439,0.9862,0.9862,1.0881,1.0881,1.2817,1.2817,1.7785,1.7785
Corcelles-près-Payerne,Broye-Vully,3129,7.029534246575343,1.7956371610000001,Payerne,2448,2479,2571,2681,2720,2856,2915,3004,3129,7.0295,7.0295,7.7554,7.7554,9.1356,9.1356,12.6766,12.6766
Corseaux,Riviera-Pays-d'Enhaut,2326,5.225534246575342,1.325210308,Les Moulins,2289,2282,2287,2311,2328,2307,2339,2322,2326,5.2255,5.2255,5.7651,5.7651,6.7911,6.7911,9.4234,9.4234
Corsier-sur-Vevey,Riviera-Pays-d'Enhaut,3458,7.768657534246576,0.1112933741,Hôpital psychiatrique Nant,3396,3386,3363,3420,3389,3366,3429,3389,3458,7.7687,7.7687,8.5709,8.5709,10.0962,10.0962,14.0095,14.0095
Cossonay,Morges,4974,11.174465753424657,0.2356762877,Permanence de Cossonay,3808,3871,4045,4222,4326,4389,4772,4902,4974,11.1745,11.1745,12.3284,12.3284,14.5224,14.5224,20.1513,20.1513
Crans,Nyon,2483,5.578246575342465,2.013261228,Clinique Bois-Bougy,2177,2193,2286,2340,2373,2357,2424,2455,2483,5.5782,5.5782,6.1543,6.1543,7.2495,7.2495,10.0594,10.0594
Crassier,Nyon,1272,2.857643835616438,4.839691506,Clinique la Métairie,1161,1175,1169,1174,1228,1233,1273,1274,1272,2.8576,2.8576,3.1527,3.1527,3.7138,3.7138,5.1533,5.1533
Crissier,Ouest lausannois,11116,24.972931506849317,4.391665218,Hôpital ophtalmique Jules-Gonin,8008,7905,7944,8700,8973,9161,9327,10680,11116,24.9729,24.9729,27.5517,27.5517,32.455,32.455,45.0345,45.0345
Cronay,Jura-Nord vaudois,432,0.9705205479452055,4.21851993,Hôpital d'Yverdon-les-Bains,380,385,394,393,403,410,422,425,432,0.9705,0.9705,1.0707,1.0707,1.2613,1.2613,1.7502,1.7502
Croy,Jura-Nord vaudois,408,0.9166027397260276,3.6705930870000003,Hôpital de Saint-Loup,379,404,403,397,390,386,397,403,408,0.9166,0.9166,1.0113,1.0113,1.1912,1.1912,1.6529,1.6529
Cuarnens,Morges,557,1.2513424657534247,5.281368881000001,Permanence de Cossonay,479,479,486,527,531,545,541,561,557,1.2513,1.2513,1.3806,1.3806,1.6263,1.6263,2.2566,2.2566
Cuarny,Jura-Nord vaudois,244,0.5481643835616438,3.222967511,Hôpital d'Yverdon-les-Bains,241,243,239,234,245,236,242,241,244,0.5482,0.5482,0.6048,0.6048,0.7124,0.7124,0.9885,0.9885
Cudrefin,Broye-Vully,1915,4.302191780821918,15.93207856,Payerne,1589,1633,1735,1780,1837,1876,1878,1885,1915,4.3022,4.3022,4.7465,4.7465,5.5912,5.5912,7.7583,7.7583
Cugy,Gros-de-Vaud,2824,6.344328767123288,6.499629754,Clinique de la Source,2744,2742,2768,2760,2733,2697,2733,2790,2824,6.3443,6.3443,6.9995,6.9995,8.2451,8.2451,11.4409,11.4409
Curtilles,Broye-Vully,302,0.6784657534246575,4.803018594,Moudon,318,313,310,301,296,294,310,308,302,0.6785,0.6785,0.7485,0.7485,0.8817,0.8817,1.2235,1.2235
Démoret,Jura-Nord vaudois,181,0.4066301369863014,8.778515896,Hôpital d'Yverdon-les-Bains,146,141,156,158,164,167,160,172,181,0.4066,0.4066,0.4486,0.4486,0.5285,0.5285,0.7333,0.7333
Daillens,Gros-de-Vaud,1113,2.5004383561643837,3.4751977050000002,Permanence de Cossonay,998,1027,1034,1048,1051,1057,1062,1099,1113,2.5004,2.5004,2.7586,2.7586,3.2496,3.2496,4.5091,4.5091
Denens,Morges,748,1.6804383561643836,3.498003573,Hôpital de Morges,774,747,742,742,733,715,742,742,748,1.6804,1.6804,1.854,1.854,2.1839,2.1839,3.0304,3.0304
Denges,Morges,1844,4.1426849315068495,3.014961191,Hôpital de Morges,1614,1610,1609,1730,1742,1778,1821,1837,1844,4.1427,4.1427,4.5705,4.5705,5.3839,5.3839,7.4706,7.4706
Dizy,Morges,239,0.5369315068493151,2.384944171,Permanence de Cossonay,229,223,234,224,225,232,237,238,239,0.5369,0.5369,0.5924,0.5924,0.6978,0.6978,0.9683,0.9683
Dompierre,Broye-Vully,242,0.5436712328767124,7.454675104,Moudon,259,239,232,245,246,248,253,240,242,0.5437,0.5437,0.5998,0.5998,0.7066,0.7066,0.9804,0.9804
Donneloye,Jura-Nord vaudois,905,2.033150684931507,6.2050665920000005,Hôpital d'Yverdon-les-Bains,813,809,823,829,891,905,919,917,905,2.0332,2.0332,2.2431,2.2431,2.6423,2.6423,3.6664,3.6664
Duillier,Nyon,1120,2.516164383561644,2.206374701,Psychiatrie Ouest Hôpital de Prangins,1078,1085,1090,1128,1146,1116,1115,1143,1120,2.5162,2.5162,2.776,2.776,3.27,3.27,4.5375,4.5375
Dully,Nyon,637,1.431068493150685,0.8568357847,Clinique la Lignière,640,635,639,628,634,631,632,623,637,1.4311,1.4311,1.5788,1.5788,1.8598,1.8598,2.5807,2.5807
Echallens,Gros-de-Vaud,6816,15.312657534246577,10.37442053,Permanence de Cossonay,5728,5742,5725,5731,5739,5816,6572,6722,6816,15.3127,15.3127,16.8939,16.8939,19.9004,19.9004,27.6138,27.6138
Echandens,Morges,3116,7.000328767123287,3.526045222,Hôpital de Morges,2757,2789,2739,2743,2775,2891,2910,3004,3116,7.0003,7.0003,7.7232,7.7232,9.0977,9.0977,12.6239,12.6239
Echichens,Morges,3241,7.281150684931506,1.793211142,Hôpital de Morges,2712,3050,3077,3127,3142,3211,3181,3218,3241,7.2812,7.2812,8.033,8.033,9.4626,9.4626,13.1303,13.1303
Eclépens,Morges,1202,2.700383561643836,2.719581686,Hôpital de Saint-Loup,1091,1211,1222,1220,1198,1199,1182,1211,1202,2.7004,2.7004,2.9792,2.9792,3.5094,3.5094,4.8697,4.8697
Ecublens,Ouest lausannois,13758,30.908383561643834,4.551581561,Hôpital ophtalmique Jules-Gonin,12560,12939,13089,13164,13212,13129,13334,13391,13758,30.9084,30.9084,34.1001,34.1001,40.1687,40.1687,55.7381,55.7381
Epalinges,Lausanne,9869,22.17145205479452,3.395523338,Centre Hospitalier Universitaire Vaudois,9335,9624,9701,9755,9813,9825,9910,9905,9869,22.1715,22.1715,24.461,24.461,28.8141,28.8141,39.9825,39.9825
Ependes,Jura-Nord vaudois,376,0.8447123287671233,4.080826651,Hôpital de Chamblon,361,360,357,388,381,372,388,381,376,0.8447,0.8447,0.9319,0.9319,1.0978,1.0978,1.5233,1.5233
Essertines-sur-Rolle,Nyon,770,1.7298630136986302,1.892306275,Hôpital de Gilly,696,726,722,740,753,749,768,789,770,1.7299,1.7299,1.9085,1.9085,2.2481,2.2481,3.1195,3.1195
Essertines-sur-Yverdon,Gros-de-Vaud,1183,2.657698630136986,5.552155668,Hôpital d'Yverdon-les-Bains,981,1024,1030,1036,1059,1081,1105,1148,1183,2.6577,2.6577,2.9321,2.9321,3.454,3.454,4.7927,4.7927
Etagnières,Gros-de-Vaud,1168,2.624,8.157210428,Clinique de la Source,1119,1118,1143,1148,1148,1154,1172,1189,1168,2.624,2.624,2.895,2.895,3.4102,3.4102,4.7319,4.7319
Etoy,Morges,3013,6.768931506849315,2.1967094040000004,Institution de Lavigny,2908,2905,2933,2909,2918,2938,2920,2966,3013,6.7689,6.7689,7.4679,7.4679,8.7969,8.7969,12.2066,12.2066
Eysins,Nyon,1811,4.06854794520548,1.567542295,Hôpital de Nyon,1603,1618,1737,1740,1736,1768,1739,1772,1811,4.0685,4.0685,4.4887,4.4887,5.2875,5.2875,7.3369,7.3369
Féchy,Morges,906,2.0353972602739727,1.82027215,Hôpital d'Aubonne,895,860,861,869,890,887,896,919,906,2.0354,2.0354,2.2456,2.2456,2.6452,2.6452,3.6705,3.6705
Faoug,Broye-Vully,902,2.0264109589041097,13.8120841,Payerne,893,904,884,881,865,903,906,900,902,2.0264,2.0264,2.2357,2.2357,2.6335,2.6335,3.6543,3.6543
Ferreyres,Morges,308,0.691945205479452,1.62246625,Hôpital de Saint-Loup,322,310,320,319,319,308,319,309,308,0.6919,0.6919,0.7634,0.7634,0.8993,0.8993,1.2478,1.2478
Fey,Gros-de-Vaud,791,1.7770410958904113,9.195620147,Moudon,703,734,751,749,754,736,763,789,791,1.777,1.777,1.9605,1.9605,2.3095,2.3095,3.2046,3.2046
Fiez,Jura-Nord vaudois,421,0.9458082191780821,5.406462365,Psychiatrie Nord CPNVD,425,447,445,451,442,436,436,431,421,0.9458,0.9458,1.0435,1.0435,1.2292,1.2292,1.7056,1.7056
Fontaines-sur-Grandson,Jura-Nord vaudois,228,0.5122191780821918,6.229647753999999,Hôpital de Chamblon,210,218,215,219,220,214,199,220,228,0.5122,0.5122,0.5651,0.5651,0.6657,0.6657,0.9237,0.9237
Forel (Lavaux),Lavaux-Oron,2113,4.747013698630138,5.999821662,Hôpital de Lavaux,2084,2082,2064,2105,2110,2067,2068,2088,2113,4.747,4.747,5.2372,5.2372,6.1692,6.1692,8.5604,8.5604
Founex,Nyon,3737,8.395452054794522,5.314572006000001,Clinique Bois-Bougy,3788,3790,3772,3834,3822,3763,3792,3748,3737,8.3955,8.3955,9.2624,9.2624,10.9108,10.9108,15.1398,15.1398
Froideville,Gros-de-Vaud,2713,6.094958904109589,8.987708667000001,Centre Hospitalier Universitaire Vaudois,2561,2576,2638,2694,2672,2720,2728,2731,2713,6.095,6.095,6.7243,6.7243,7.921,7.921,10.9912,10.9912
Genolier,Nyon,2071,4.6526575342465755,1.0535487270000001,Clinique de Genolier,1945,1961,2000,1996,2022,2026,2038,2012,2071,4.6527,4.6527,5.1331,5.1331,6.0466,6.0466,8.3903,8.3903
Giez,Jura-Nord vaudois,464,1.0424109589041097,3.678311544,Hôpital de Chamblon,421,412,414,414,443,450,459,464,464,1.0424,1.0424,1.1501,1.1501,1.3547,1.3547,1.8798,1.8798
Gilly,Nyon,1429,3.2103561643835623,1.550630966,Hôpital de Gilly,1294,1324,1370,1428,1438,1446,1475,1441,1429,3.2104,3.2104,3.5419,3.5419,4.1722,4.1722,5.7893,5.7893
Gimel,Morges,2453,5.510849315068493,4.474854025,Hôpital de Gilly,2016,2186,2238,2307,2401,2414,2465,2458,2453,5.5108,5.5108,6.0799,6.0799,7.1619,7.1619,9.9379,9.9379
Gingins,Nyon,1241,2.788,4.905872581,Hôpital de Nyon,1212,1226,1239,1257,1265,1270,1262,1253,1241,2.788,2.788,3.0759,3.0759,3.6233,3.6233,5.0277,5.0277
Givrins,Nyon,1096,2.462246575342466,2.1295464780000004,Clinique de Genolier,995,1033,1032,1031,1010,1024,1019,1071,1096,2.4622,2.4622,2.7165,2.7165,3.1999,3.1999,4.4402,4.4402
Gland,Nyon,13978,31.402630136986303,1.684321563,Clinique la Lignière,13081,13101,13194,13243,13303,13686,13976,13968,13978,31.4026,31.4026,34.6454,34.6454,40.811,40.811,56.6294,56.6294
Gollion,Morges,1091,2.451013698630137,3.299418087,Permanence de Cossonay,918,939,939,996,1018,1033,1064,1064,1091,2.451,2.451,2.7041,2.7041,3.1854,3.1854,4.42,4.42
Goumoëns,Gros-de-Vaud,1251,2.810465753424658,7.512799299999999,Hôpital de Saint-Loup,1110,1119,1140,1153,1166,1175,1212,1211,1251,2.8105,2.8105,3.1007,3.1007,3.6525,3.6525,5.0682,5.0682
Grancy,Morges,541,1.2153972602739727,3.98745237,Permanence de Cossonay,403,398,397,406,445,489,547,540,541,1.2154,1.2154,1.3409,1.3409,1.5795,1.5795,2.1918,2.1918
Grandcour,Broye-Vully,970,2.179178082191781,6.00755199,Payerne,890,929,953,967,987,1001,1006,983,970,2.1792,2.1792,2.4042,2.4042,2.8321,2.8321,3.9298,3.9298
Grandevent,Jura-Nord vaudois,241,0.5414246575342466,6.608646187000001,Hôpital de Chamblon,229,238,222,226,238,237,237,241,241,0.5414,0.5414,0.5973,0.5973,0.7036,0.7036,0.9764,0.9764
Grandson,Jura-Nord vaudois,3391,7.618136986301369,2.823850195,Psychiatrie Nord CPNVD,3284,3360,3340,3356,3366,3358,3386,3396,3391,7.6181,7.6181,8.4048,8.4048,9.9006,9.9006,13.738,13.738
Grens,Nyon,413,0.9278356164383561,3.046145346,Hôpital de Nyon,382,391,383,405,401,400,392,394,413,0.9278,0.9278,1.0236,1.0236,1.2058,1.2058,1.6732,1.6732
Gryon,Aigle,1546,3.473205479452055,8.762921046999999,Aigle Pôle Physio-Ergo d'Aigle,1364,1332,1347,1378,1382,1389,1520,1525,1546,3.4732,3.4732,3.8319,3.8319,4.5138,4.5138,6.2633,6.2633
Hautemorges,Morges,4426,9.943342465753425,6.5667989669999995,Hôpital de Morges,4024,4068,4074,4101,4173,4257,4343,4387,4426,9.9433,9.9433,10.9701,10.9701,12.9224,12.9224,17.9311,17.9311
Henniez,Broye-Vully,464,1.0424109589041097,9.912526309,Payerne,359,341,376,396,407,414,454,468,464,1.0424,1.0424,1.1501,1.1501,1.3547,1.3547,1.8798,1.8798
Hermenches,Broye-Vully,364,0.8177534246575343,4.797208772,Moudon,379,364,367,384,371,374,377,373,364,0.8178,0.8178,0.9022,0.9022,1.0628,1.0628,1.4747,1.4747
Jongny,Riviera-Pays-d'Enhaut,1917,4.306684931506849,0.6901296807999999,Hôpital psychiatrique Nant,1549,1536,1544,1670,1805,1842,1918,1921,1917,4.3067,4.3067,4.7514,4.7514,5.597,5.597,7.7664,7.7664
Jorat-Mézières,Lavaux-Oron,3209,7.209260273972603,8.371306711999999,Moudon,2850,2869,2949,2966,3095,3110,3177,3189,3209,7.2093,7.2093,7.9537,7.9537,9.3692,9.3692,13.0007,13.0007
Jorat-Menthue,Gros-de-Vaud,1564,3.5136438356164392,6.92645619,Moudon,1532,1586,1591,1602,1603,1565,1557,1576,1564,3.5136,3.5136,3.8765,3.8765,4.5663,4.5663,6.3363,6.3363
Jouxtens-Mézery,Lausanne,1455,3.268767123287671,3.5663377919999997,Hôpital ophtalmique Jules-Gonin,1469,1471,1423,1411,1460,1468,1493,1482,1455,3.2688,3.2688,3.6063,3.6063,4.2481,4.2481,5.8947,5.8947
Juriens,Jura-Nord vaudois,345,0.775068493150685,5.033095251,Hôpital de Saint-Loup,309,308,328,336,348,346,351,348,345,0.7751,0.7751,0.8551,0.8551,1.0073,1.0073,1.3977,1.3977
La Chaux (Cossonay),Morges,421,0.9458082191780821,2.464615113,Permanence de Cossonay,420,410,395,391,398,412,433,436,421,0.9458,0.9458,1.0435,1.0435,1.2292,1.2292,1.7056,1.7056
La Praz,Jura-Nord vaudois,214,0.4807671232876713,5.9523034,Hôpital de Saint-Loup,160,165,165,175,182,183,206,207,214,0.4808,0.4808,0.5304,0.5304,0.6248,0.6248,0.867,0.867
La Rippe,Nyon,1218,2.7363287671232874,5.917992361,Hôpital de Nyon,1164,1161,1136,1131,1165,1197,1206,1194,1218,2.7363,2.7363,3.0189,3.0189,3.5561,3.5561,4.9345,4.9345
La Sarraz,Morges,2609,5.861315068493151,1.101694138,Hôpital de Saint-Loup,2609,2596,2651,2598,2620,2608,2599,2618,2609,5.8613,5.8613,6.4666,6.4666,7.6174,7.6174,10.5699,10.5699
La Tour-de-Peilz,Riviera-Pays-d'Enhaut,13053,29.324547945205477,0.5005321171,La Tour-de-Peilz,11779,11871,11906,12088,12220,12400,12605,12812,13053,29.3245,29.3245,32.3527,32.3527,38.1103,38.1103,52.8819,52.8819
L'Abbaye,Jura-Nord vaudois,1599,3.5922739726027393,7.290849156,Hôpital de la Vallée de Joux,1492,1481,1481,1473,1521,1534,1534,1538,1599,3.5923,3.5923,3.9632,3.9632,4.6685,4.6685,6.4781,6.4781
L'Abergement,Jura-Nord vaudois,267,0.5998356164383563,4.4683259369999995,Hôpital d'Orbe,237,248,244,256,256,260,268,270,267,0.5998,0.5998,0.6618,0.6618,0.7795,0.7795,1.0817,1.0817
Lausanne,Lausanne,145707,327.34175342465755,0.27240910009999997,Clinique de la Source,139624,139720,139726,140430,140789,141513,144365,145037,145707,327.3418,327.3418,361.1442,361.1442,425.415,425.415,590.3059,590.3059
Lavey-Morcles,Aigle,1024,2.3004931506849315,10.83780461,Aigle Pôle Physio-Ergo d'Aigle,926,946,931,944,965,979,1022,1014,1024,2.3005,2.3005,2.5381,2.5381,2.9897,2.9897,4.1486,4.1486
Lavigny,Morges,1108,2.489205479452055,0.5435825657000001,Institution de Lavigny,1007,999,992,1008,1026,1038,1052,1100,1108,2.4892,2.4892,2.7462,2.7462,3.235,3.235,4.4889,4.4889
Le Chenit,Jura-Nord vaudois,4792,10.765589041095891,0.3360747978,Hôpital de la Vallée de Joux,4612,4605,4657,4600,4569,4613,4712,4760,4792,10.7656,10.7656,11.8773,11.8773,13.991,13.991,19.4139,19.4139
Le Lieu,Jura-Nord vaudois,926,2.0803287671232877,8.065855459,Hôpital de la Vallée de Joux,869,875,900,888,881,886,910,925,926,2.0803,2.0803,2.2952,2.2952,2.7036,2.7036,3.7515,3.7515
Le Mont-sur-Lausanne,Lausanne,9785,21.982739726027397,2.7775064019999998,Clinique de la Source,8093,8516,8991,9136,9216,9297,9274,9543,9785,21.9827,21.9827,24.2528,24.2528,28.5689,28.5689,39.6422,39.6422
Le Vaud,Nyon,1374,3.0867945205479455,3.805471481,Clinique de Genolier,1283,1319,1362,1366,1387,1411,1413,1374,1374,3.0868,3.0868,3.4055,3.4055,4.0116,4.0116,5.5665,5.5665
Les Clées,Jura-Nord vaudois,195,0.4380821917808219,4.917543036,Hôpital d'Orbe,181,185,185,187,182,186,192,194,195,0.4381,0.4381,0.4833,0.4833,0.5693,0.5693,0.79,0.79
Leysin,Aigle,3722,8.361753424657534,4.306970758,Molage,4023,3939,3776,3645,3637,3743,3729,3685,3722,8.3618,8.3618,9.2252,9.2252,10.867,10.867,15.079,15.079
Lignerolle,Jura-Nord vaudois,452,1.0154520547945205,6.096338515999999,Hôpital d'Orbe,417,422,437,435,408,447,462,463,452,1.0155,1.0155,1.1203,1.1203,1.3197,1.3197,1.8312,1.8312
L'Isle,Morges,1106,2.4847123287671233,7.287402293,Permanence de Cossonay,1005,1005,1011,1065,1079,1095,1088,1096,1106,2.4847,2.4847,2.7413,2.7413,3.2291,3.2291,4.4808,4.4808
Lonay,Morges,2719,6.108438356164384,1.504377446,Hôpital de Morges,2492,2593,2676,2679,2751,2675,2693,2733,2719,6.1084,6.1084,6.7392,6.7392,7.9386,7.9386,11.0155,11.0155
Longirod,Nyon,558,1.2535890410958903,4.493306711,Hôpital de Gilly,469,478,482,494,520,541,555,555,558,1.2536,1.2536,1.383,1.383,1.6292,1.6292,2.2606,2.2606
Lovatens,Broye-Vully,152,0.3414794520547945,5.388202708,Moudon,141,146,136,142,146,143,142,146,152,0.3415,0.3415,0.3767,0.3767,0.4438,0.4438,0.6158,0.6158
Lucens,Broye-Vully,4892,10.990246575342466,4.713725906,Moudon,4157,4199,4220,4309,4373,4420,4599,4734,4892,10.9902,10.9902,12.1251,12.1251,14.283,14.283,19.8191,19.8191
Luins,Nyon,640,1.4378082191780823,2.0583944649999997,Clinique la Lignière,608,613,621,619,630,618,629,637,640,1.4378,1.4378,1.5863,1.5863,1.8686,1.8686,2.5928,2.5928
Lully,Morges,824,1.8511780821917807,3.4041006929999997,Hôpital de Morges,795,790,818,825,828,825,833,838,824,1.8512,1.8512,2.0423,2.0423,2.4058,2.4058,3.3383,3.3383
Lussery-Villars,Gros-de-Vaud,469,1.0536438356164384,2.640023061,Permanence de Cossonay,459,462,459,459,475,482,473,468,469,1.0536,1.0536,1.1624,1.1624,1.3693,1.3693,1.9001,1.9001
Lussy-sur-Morges,Morges,721,1.6197808219178083,2.921370758,Institution de Lavigny,667,687,696,722,740,730,732,719,721,1.6198,1.6198,1.787,1.787,2.1051,2.1051,2.921,2.921
Lutry,Lavaux-Oron,10843,24.359616438356166,3.525131581,Hôpital de Lavaux,10001,10285,10357,10455,10701,10713,10796,10750,10843,24.3596,24.3596,26.8751,26.8751,31.6579,31.6579,43.9285,43.9285
Maracon,Lavaux-Oron,565,1.269315068493151,8.57789593,Hôpital psychiatrique Nant,477,492,538,538,547,544,567,569,565,1.2693,1.2693,1.4004,1.4004,1.6496,1.6496,2.289,2.289
Marchissy,Nyon,492,1.1053150684931508,4.960686569000001,Hôpital de Gilly,455,463,472,481,485,499,508,510,492,1.1053,1.1053,1.2195,1.2195,1.4365,1.4365,1.9933,1.9933
Mathod,Jura-Nord vaudois,740,1.6624657534246574,3.709889037,Hôpital de Chamblon,617,611,601,651,655,684,709,725,740,1.6625,1.6625,1.8341,1.8341,2.1605,2.1605,2.998,2.998
Mauborget,Jura-Nord vaudois,137,0.30778082191780826,8.464771187,Hôpital de Chamblon,119,122,120,128,137,138,134,145,137,0.3078,0.3078,0.3396,0.3396,0.4,0.4,0.555,0.555
Mauraz,Morges,74,0.16624657534246579,6.426682234,Permanence de Cossonay,60,59,57,58,60,65,64,67,74,0.1662,0.1662,0.1834,0.1834,0.2161,0.2161,0.2998,0.2998
Mex,Gros-de-Vaud,828,1.860164383561644,5.800620615,Permanence de Cossonay,718,725,718,791,795,817,816,809,828,1.8602,1.8602,2.0523,2.0523,2.4175,2.4175,3.3545,3.3545
Mies,Nyon,2194,4.928986301369863,8.961790220000001,Clinique Bois-Bougy,2037,2075,2116,2172,2195,2226,2171,2163,2194,4.929,4.929,5.438,5.438,6.4057,6.4057,8.8886,8.8886
Missy,Broye-Vully,379,0.8514520547945206,6.9325556740000005,Payerne,352,368,362,368,366,387,377,384,379,0.8515,0.8515,0.9394,0.9394,1.1066,1.1066,1.5355,1.5355
Moiry,Morges,295,0.6627397260273973,4.442009307,Hôpital de Saint-Loup,316,310,310,311,301,296,297,299,295,0.6627,0.6627,0.7312,0.7312,0.8613,0.8613,1.1951,1.1951
Mollens,Morges,320,0.7189041095890412,9.073881934,Institution de Lavigny,301,283,308,330,319,324,322,324,320,0.7189,0.7189,0.7931,0.7931,0.9343,0.9343,1.2964,1.2964
Molondin,Jura-Nord vaudois,260,0.5841095890410959,7.906838925,Hôpital d'Yverdon-les-Bains,232,235,240,252,239,257,282,269,260,0.5841,0.5841,0.6444,0.6444,0.7591,0.7591,1.0533,1.0533
Montagny-près-Yverdon,Jura-Nord vaudois,768,1.7253698630136987,1.420778664,Hôpital de Chamblon,717,738,747,737,775,770,777,783,768,1.7254,1.7254,1.9035,1.9035,2.2423,2.2423,3.1114,3.1114
Montanaire,Gros-de-Vaud,2856,6.4162191780821916,4.857067310000001,Moudon,2606,2685,2717,2782,2766,2820,2835,2861,2856,6.4162,6.4162,7.0788,7.0788,8.3386,8.3386,11.5706,11.5706
Montcherand,Jura-Nord vaudois,494,1.1098082191780823,1.919470705,Hôpital d'Orbe,482,489,505,506,502,496,494,489,494,1.1098,1.1098,1.2244,1.2244,1.4423,1.4423,2.0014,2.0014
Montilliez,Gros-de-Vaud,1856,4.169643835616439,10.121452649999998,Moudon,1731,1781,1819,1857,1883,1895,1894,1874,1856,4.1696,4.1696,4.6002,4.6002,5.4189,5.4189,7.5193,7.5193
Mont-la-Ville,Morges,504,1.1322739726027398,7.822744085999999,Hôpital de Saint-Loup,417,466,478,490,508,502,497,495,504,1.1323,1.1323,1.2492,1.2492,1.4715,1.4715,2.0419,2.0419
Montpreveyres,Lavaux-Oron,670,1.505205479452055,9.729390784,Centre Hospitalier Universitaire Vaudois,648,643,657,653,662,661,632,653,670,1.5052,1.5052,1.6606,1.6606,1.9562,1.9562,2.7144,2.7144
Montreux,Riviera-Pays-d'Enhaut,27166,61.030465753424664,0.7205875705,Montreux,26653,26006,26065,26180,26004,26081,26837,26964,27166,61.0305,61.0305,67.3327,67.3327,79.3155,79.3155,110.0582,110.0582
Montricher,Morges,947,2.1275068493150684,9.967790597999999,Permanence de Cossonay,986,940,964,964,981,978,962,943,947,2.1275,2.1275,2.3472,2.3472,2.7649,2.7649,3.8366,3.8366
Mont-sur-Rolle,Nyon,2759,6.198301369863014,0.6109069357,Hôpital de Rolle,2701,2651,2677,2646,2739,2759,2784,2749,2759,6.1983,6.1983,6.8384,6.8384,8.0553,8.0553,11.1776,11.1776
Morges,Morges,17813,40.018246575342474,1.047966466,Hôpital de Morges,15839,15725,15862,16095,16887,17530,17755,17715,17813,40.0182,40.0182,44.1507,44.1507,52.0079,52.0079,72.1662,72.1662
Morrens,Gros-de-Vaud,1145,2.5723287671232877,6.992619394999999,Clinique de la Source,1092,1077,1126,1153,1156,1172,1142,1153,1145,2.5723,2.5723,2.838,2.838,3.343,3.343,4.6388,4.6388
Moudon,Broye-Vully,6847,15.382301369863017,0.41082302249999997,Moudon,6185,6135,6080,6109,6116,6132,6375,6651,6847,15.3823,15.3823,16.9707,16.9707,19.9909,19.9909,27.7394,27.7394
Mutrux,Jura-Nord vaudois,138,0.310027397260274,12.66820415,Psychiatrie Nord CPNVD,163,158,153,149,151,151,145,144,138,0.31,0.31,0.342,0.342,0.4029,0.4029,0.5591,0.5591
Novalles,Jura-Nord vaudois,105,0.23589041095890415,5.506285216,Hôpital de Chamblon,101,101,100,99,103,99,102,106,105,0.2359,0.2359,0.2602,0.2602,0.3066,0.3066,0.4254,0.4254
Noville,Aigle,1214,2.727342465753425,1.0683826730000001,Espace Santé Rennaz,1055,1113,1167,1170,1169,1169,1180,1208,1214,2.7273,2.7273,3.009,3.009,3.5445,3.5445,4.9183,4.9183
Nyon,Nyon,23732,53.31572602739727,0.3240429277,Hôpital de Nyon,20551,21239,21416,21743,22120,22461,22978,23328,23732,53.3157,53.3157,58.8213,58.8213,69.2894,69.2894,96.146,96.146
Ogens,Gros-de-Vaud,342,0.7683287671232877,7.509820891,Moudon,304,299,296,301,321,324,332,341,342,0.7683,0.7683,0.8477,0.8477,0.9985,0.9985,1.3856,1.3856
Ollon,Aigle,8302,18.651068493150685,4.3791117569999995,Aigle Pôle Physio-Ergo d'Aigle,7494,7461,7560,7634,7904,7967,8137,8222,8302,18.6511,18.6511,20.577,20.577,24.239,24.239,33.6341,33.6341
Onnens,Jura-Nord vaudois,527,1.183945205479452,7.038157405,Psychiatrie Nord CPNVD,477,494,497,505,495,496,498,520,527,1.1839,1.1839,1.3062,1.3062,1.5387,1.5387,2.135,2.135
Oppens,Gros-de-Vaud,201,0.4515616438356164,7.3615073650000005,Hôpital d'Yverdon-les-Bains,187,196,202,201,201,202,202,202,201,0.4516,0.4516,0.4982,0.4982,0.5869,0.5869,0.8143,0.8143
Orbe,Jura-Nord vaudois,8008,17.990575342465753,0.4203907516,Hôpital d'Orbe,6985,6942,7030,7124,7569,7617,7827,7962,8008,17.9906,17.9906,19.8483,19.8483,23.3806,23.3806,32.443,32.443
Orges,Jura-Nord vaudois,416,0.9345753424657535,3.60713374,Hôpital de Chamblon,336,332,332,343,367,407,416,424,416,0.9346,0.9346,1.0311,1.0311,1.2146,1.2146,1.6853,1.6853
Ormont-Dessous,Aigle,1261,2.832931506849315,9.623212492,Molage,1117,1121,1141,1180,1161,1178,1211,1244,1261,2.8329,2.8329,3.1255,3.1255,3.6817,3.6817,5.1087,5.1087
Ormont-Dessus,Aigle,1440,3.235068493150685,13.5184225,Château-d'Oex,1467,1446,1434,1466,1452,1425,1427,1435,1440,3.2351,3.2351,3.5691,3.5691,4.2043,4.2043,5.8339,5.8339
Orny,Morges,525,1.1794520547945206,1.7284364639999998,Hôpital de Saint-Loup,356,368,416,462,480,484,500,497,525,1.1795,1.1795,1.3012,1.3012,1.5328,1.5328,2.1269,2.1269
Oron,Lavaux-Oron,6451,14.492657534246575,9.284652903,Hôpital psychiatrique Nant,5809,5875,6049,6052,6100,6119,6173,6345,6451,14.4927,14.4927,15.9892,15.9892,18.8347,18.8347,26.1351,26.1351
Orzens,Jura-Nord vaudois,216,0.48526027397260274,5.963820805999999,Hôpital d'Yverdon-les-Bains,195,196,208,201,202,212,214,216,216,0.4853,0.4853,0.5354,0.5354,0.6306,0.6306,0.8751,0.8751
Oulens-sous-Echallens,Gros-de-Vaud,609,1.3681643835616437,6.149516214,Hôpital de Saint-Loup,577,611,615,618,619,606,600,607,609,1.3682,1.3682,1.5094,1.5094,1.7781,1.7781,2.4673,2.4673
Pailly,Gros-de-Vaud,575,1.2917808219178082,8.270976454,Hôpital d'Yverdon-les-Bains,543,561,563,567,575,566,576,576,575,1.2918,1.2918,1.4252,1.4252,1.6788,1.6788,2.3295,2.3295
Paudex,Lavaux-Oron,1483,3.3316712328767126,2.8654131499999997,Clinique de Montchoisi,1480,1507,1532,1538,1545,1550,1538,1512,1483,3.3317,3.3317,3.6757,3.6757,4.3299,4.3299,6.0081,6.0081
Payerne,Broye-Vully,10972,24.649424657534247,0.6792285853,Payerne,9716,9971,10072,10108,10256,10372,10577,10802,10972,24.6494,24.6494,27.1948,27.1948,32.0345,32.0345,44.4511,44.4511
Penthéréaz,Gros-de-Vaud,446,1.001972602739726,7.473975962000001,Hôpital d'Orbe,418,421,421,419,417,433,437,430,446,1.002,1.002,1.1054,1.1054,1.3022,1.3022,1.8069,1.8069
Penthalaz,Gros-de-Vaud,3199,7.186794520547945,1.686023568,Permanence de Cossonay,3282,3283,3257,3207,3211,3214,3199,3177,3199,7.1868,7.1868,7.9289,7.9289,9.34,9.34,12.9602,12.9602
Penthaz,Gros-de-Vaud,1910,4.290958904109589,3.039160899,Permanence de Cossonay,1726,1747,1760,1855,1890,1923,1899,1946,1910,4.291,4.291,4.7341,4.7341,5.5766,5.5766,7.738,7.738
Perroy,Nyon,1573,3.5338630136986304,1.218672031,Hôpital de Rolle,1514,1542,1497,1518,1514,1542,1600,1588,1573,3.5339,3.5339,3.8988,3.8988,4.5926,4.5926,6.3727,6.3727
Poliez-Pittet,Gros-de-Vaud,847,1.9028493150684933,10.22976837,Moudon,849,846,829,829,833,848,876,850,847,1.9028,1.9028,2.0993,2.0993,2.473,2.473,3.4315,3.4315
Pompaples,Morges,917,2.060109589041096,0.4934444812,Hôpital de Saint-Loup,854,847,851,847,849,860,926,930,917,2.0601,2.0601,2.2728,2.2728,2.6773,2.6773,3.7151,3.7151
Pomy,Jura-Nord vaudois,904,2.030904109589041,1.875867681,Hôpital d'Yverdon-les-Bains,785,780,793,803,838,868,875,877,904,2.0309,2.0309,2.2406,2.2406,2.6394,2.6394,3.6624,3.6624
Préverenges,Morges,5236,11.763068493150685,2.208006847,Hôpital de Morges,5291,5298,5243,5241,5207,5209,5223,5273,5236,11.7631,11.7631,12.9778,12.9778,15.2873,15.2873,21.2127,21.2127
Prévonloup,Broye-Vully,249,0.5593972602739726,7.043633909,Moudon,160,184,194,202,215,220,226,231,249,0.5594,0.5594,0.6172,0.6172,0.727,0.727,1.0088,1.0088
Prangins,Nyon,4243,9.53221917808219,0.7560483639000001,Psychiatrie Ouest Hôpital de Prangins,4069,4040,4088,4101,4059,4277,4284,4280,4243,9.5322,9.5322,10.5166,10.5166,12.3881,12.3881,17.1898,17.1898
Premier,Jura-Nord vaudois,233,0.5234520547945205,6.209409713,Hôpital de Saint-Loup,210,213,215,218,232,236,233,228,233,0.5235,0.5235,0.5775,0.5775,0.6803,0.6803,0.944,0.944
Prilly,Ouest lausannois,13069,29.360493150684935,1.827424938,Hôpital ophtalmique Jules-Gonin,12105,12392,12423,12383,12338,12318,12439,12766,13069,29.3605,29.3605,32.3924,32.3924,38.157,38.157,52.9467,52.9467
Provence,Jura-Nord vaudois,421,0.9458082191780821,13.368519430000001,Psychiatrie Nord CPNVD,388,373,379,392,403,403,415,411,421,0.9458,0.9458,1.0435,1.0435,1.2292,1.2292,1.7056,1.7056
Puidoux,Lavaux-Oron,3014,6.771178082191782,3.874247472,Hôpital de Lavaux,2904,2880,2881,2894,2924,2991,3012,2976,3014,6.7712,6.7712,7.4704,7.4704,8.7999,8.7999,12.2107,12.2107
Pully,Lavaux-Oron,19550,43.920547945205485,1.798234135,Clinique de Montchoisi,18194,18336,18495,18688,18945,19005,19298,19545,19550,43.9205,43.9205,48.4559,48.4559,57.0794,57.0794,79.2033,79.2033
Rances,Jura-Nord vaudois,513,1.1524931506849316,3.529336034,Hôpital d'Orbe,485,482,505,513,512,521,525,508,513,1.1525,1.1525,1.2715,1.2715,1.4978,1.4978,2.0783,2.0783
Renens,Ouest lausannois,21827,49.036,2.911473548,Hôpital ophtalmique Jules-Gonin,21114,20968,20928,20863,20908,21116,21466,21568,21827,49.036,49.036,54.0996,54.0996,63.7274,63.7274,88.4282,88.4282
Rennaz,Aigle,935,2.1005479452054794,0.2737142898,Espace Santé Rennaz,839,826,871,889,883,929,928,949,935,2.1005,2.1005,2.3175,2.3175,2.7299,2.7299,3.788,3.788
Rivaz,Lavaux-Oron,330,0.7413698630136987,4.424377241999999,Hôpital de Lavaux,351,358,342,337,331,332,326,329,330,0.7414,0.7414,0.8179,0.8179,0.9635,0.9635,1.3369,1.3369
Roche,Aigle,2035,4.571780821917808,2.1264554469999997,Espace Santé Rennaz,1650,1775,1826,1868,1872,1940,1958,1996,2035,4.5718,4.5718,5.0439,5.0439,5.9415,5.9415,8.2444,8.2444
Rolle,Nyon,6604,14.836383561643837,1.170948637,Hôpital de Rolle,6225,6246,6245,6259,6291,6321,6453,6537,6604,14.8364,14.8364,16.3684,16.3684,19.2814,19.2814,26.7549,26.7549
Romainmôtier-Envy,Jura-Nord vaudois,579,1.3007671232876714,4.219359148,Hôpital de Saint-Loup,551,540,535,525,551,559,575,560,579,1.3008,1.3008,1.4351,1.4351,1.6905,1.6905,2.3457,2.3457
Romanel-sur-Lausanne,Lausanne,4331,9.729917808219179,4.498779411,Clinique de la Source,3300,3311,3294,3247,3482,3798,3992,4325,4331,9.7299,9.7299,10.7347,10.7347,12.6451,12.6451,17.5463,17.5463
Romanel-sur-Morges,Morges,462,1.0379178082191782,3.710657393,Hôpital de Morges,470,458,470,466,466,458,462,454,462,1.0379,1.0379,1.1451,1.1451,1.3489,1.3489,1.8717,1.8717
Ropraz,Broye-Vully,535,1.2019178082191782,7.579181582,Moudon,450,494,488,528,534,529,535,529,535,1.2019,1.2019,1.326,1.326,1.562,1.562,2.1675,2.1675
Rossenges,Broye-Vully,82,0.1842191780821918,2.7251942920000003,Moudon,63,65,84,84,93,93,88,90,82,0.1842,0.1842,0.2032,0.2032,0.2394,0.2394,0.3322,0.3322
Rossinière,Riviera-Pays-d'Enhaut,504,1.1322739726027398,3.8290633549999997,Château-d'Oex,545,548,548,537,534,534,529,499,504,1.1323,1.1323,1.2492,1.2492,1.4715,1.4715,2.0419,2.0419
Rougemont,Riviera-Pays-d'Enhaut,805,1.8084931506849315,4.9521071039999995,Pôle Santé Pays-d'Enhaut,882,882,858,863,862,826,796,812,805,1.8085,1.8085,1.9952,1.9952,2.3503,2.3503,3.2613,3.2613
Rovray,Jura-Nord vaudois,198,0.4448219178082192,9.348284029,Psychiatrie Nord CPNVD,187,180,185,204,206,197,199,195,198,0.4448,0.4448,0.4908,0.4908,0.5781,0.5781,0.8022,0.8022
Rueyres,Gros-de-Vaud,302,0.6784657534246575,8.707124639,Moudon,257,255,265,266,304,303,302,304,302,0.6785,0.6785,0.7485,0.7485,0.8817,0.8817,1.2235,1.2235
Saint-Barthélemy,Gros-de-Vaud,838,1.8826301369863017,7.763321178999999,Permanence de Cossonay,769,778,791,784,809,814,829,837,838,1.8826,1.8826,2.077,2.077,2.4467,2.4467,3.395,3.395
Saint-Cergue,Nyon,3057,6.867780821917809,5.221607624,Clinique de Genolier,2559,2583,2603,2674,2754,2786,2916,3012,3057,6.8678,6.8678,7.577,7.577,8.9254,8.9254,12.3849,12.3849
Sainte-Croix,Jura-Nord vaudois,5149,11.567616438356165,0.3658615891,Les Rosiers,4919,4845,4888,4917,4948,4869,5051,5130,5149,11.5676,11.5676,12.7621,12.7621,15.0333,15.0333,20.8603,20.8603
Saint-George,Nyon,1082,2.4307945205479453,5.783688502,Hôpital de Gilly,1031,1031,1063,1074,1072,1069,1061,1083,1082,2.4308,2.4308,2.6818,2.6818,3.1591,3.1591,4.3835,4.3835
Saint-Livres,Morges,708,1.5905753424657536,1.9024592459999998,Hôpital d'Aubonne,683,690,691,683,674,697,697,715,708,1.5906,1.5906,1.7548,1.7548,2.0671,2.0671,2.8683,2.8683
Saint-Oyens,Morges,449,1.0087123287671234,3.024503999,Hôpital de Gilly,366,448,447,461,458,456,450,457,449,1.0087,1.0087,1.1129,1.1129,1.3109,1.3109,1.819,1.819
Saint-Prex,Morges,5922,13.304219178082194,3.843363805,Institution de Lavigny,5695,5684,5774,5865,5865,5876,5907,5868,5922,13.3042,13.3042,14.6781,14.6781,17.2902,17.2902,23.9919,23.9919
St-Saphorin (Lavaux),Lavaux-Oron,393,0.8829041095890411,3.973603275,Les Moulins,389,391,384,388,395,402,391,389,393,0.8829,0.8829,0.9741,0.9741,1.1474,1.1474,1.5922,1.5922
Saint-Sulpice,Ouest lausannois,5193,11.666465753424658,4.583676547,Hôpital de Morges,4524,4669,4717,4909,4932,5036,5138,5157,5193,11.6665,11.6665,12.8712,12.8712,15.1618,15.1618,21.0385,21.0385
Saubraz,Morges,441,0.9907397260273972,5.1689670539999995,Hôpital d'Aubonne,420,418,423,423,444,449,449,446,441,0.9907,0.9907,1.093,1.093,1.2876,1.2876,1.7866,1.7866
Savigny,Lavaux-Oron,3598,8.08317808219178,5.987426332,Hôpital de Lavaux,3352,3353,3359,3348,3370,3421,3448,3506,3598,8.0832,8.0832,8.9179,8.9179,10.5049,10.5049,14.5767,14.5767
Senarclens,Morges,505,1.1345205479452056,2.092953815,Permanence de Cossonay,505,488,477,496,491,496,491,480,505,1.1345,1.1345,1.2517,1.2517,1.4744,1.4744,2.0459,2.0459
Sergey,Jura-Nord vaudois,165,0.37068493150684934,3.479718496,Hôpital d'Orbe,137,146,145,145,141,140,137,133,165,0.3707,0.3707,0.409,0.409,0.4817,0.4817,0.6685,0.6685
Servion,Lavaux-Oron,2241,5.034575342465753,9.778222739999999,Hôpital de Lavaux,1904,1942,1997,2076,2107,2136,2172,2228,2241,5.0346,5.0346,5.5545,5.5545,6.543,6.543,9.079,9.079
Signy-Avenex,Nyon,586,1.3164931506849316,2.261233327,Hôpital de Nyon,567,592,586,581,584,583,606,605,586,1.3165,1.3165,1.4524,1.4524,1.7109,1.7109,2.3741,2.3741
Suchy,Jura-Nord vaudois,672,1.5096986301369861,4.990921107,Hôpital d'Orbe,605,599,645,656,656,671,665,670,672,1.5097,1.5097,1.6656,1.6656,1.962,1.962,2.7225,2.7225
Sullens,Gros-de-Vaud,1282,2.880109589041096,5.325518163,Permanence de Cossonay,1005,1036,1035,1041,1143,1169,1198,1225,1282,2.8801,2.8801,3.1775,3.1775,3.743,3.743,5.1938,5.1938
Suscévaz,Jura-Nord vaudois,263,0.5908493150684933,2.839077018,Hôpital de Chamblon,200,213,215,204,215,220,217,237,263,0.5908,0.5908,0.6519,0.6519,0.7679,0.7679,1.0655,1.0655
Syens,Broye-Vully,144,0.3235068493150685,3.060314424,Moudon,150,159,155,156,161,164,166,151,144,0.3235,0.3235,0.3569,0.3569,0.4204,0.4204,0.5834,0.5834
Tévenon,Jura-Nord vaudois,857,1.9253150684931508,7.443819435,Psychiatrie Nord CPNVD,843,877,896,894,883,867,865,861,857,1.9253,1.9253,2.1241,2.1241,2.5021,2.5021,3.472,3.472
Tannay,Nyon,1732,3.891068493150685,8.000785097,Clinique Bois-Bougy,1585,1593,1600,1636,1642,1720,1715,1728,1732,3.8911,3.8911,4.2929,4.2929,5.0569,5.0569,7.0169,7.0169
Tartegnin,Nyon,246,0.5526575342465754,0.9177859474000001,Hôpital de Gilly,235,246,233,236,241,249,250,238,246,0.5527,0.5527,0.6097,0.6097,0.7182,0.7182,0.9966,0.9966
Tolochenaz,Morges,1928,4.331397260273973,2.964674629,Hôpital de Morges,1883,1933,1907,1889,1886,1890,1922,1934,1928,4.3314,4.3314,4.7787,4.7787,5.6291,5.6291,7.8109,7.8109
Trélex,Nyon,1427,3.2058630136986306,3.408259058,Clinique de Genolier,1405,1408,1434,1445,1439,1427,1447,1428,1427,3.2059,3.2059,3.5369,3.5369,4.1664,4.1664,5.7812,5.7812
Trey,Broye-Vully,305,0.6852054794520549,5.633151041,Payerne,268,267,285,302,321,302,315,318,305,0.6852,0.6852,0.756,0.756,0.8905,0.8905,1.2357,1.2357
Treycovagnes,Jura-Nord vaudois,518,1.1637260273972603,0.47417237110000005,Hôpital de Chamblon,456,480,492,485,490,520,522,513,518,1.1637,1.1637,1.2839,1.2839,1.5124,1.5124,2.0986,2.0986
Treytorrens,Broye-Vully,108,0.24263013698630137,11.28420397,Moudon,122,119,111,114,110,105,109,109,108,0.2426,0.2426,0.2677,0.2677,0.3153,0.3153,0.4375,0.4375
Ursins,Jura-Nord vaudois,227,0.5099726027397261,4.430606559,Hôpital d'Yverdon-les-Bains,218,230,225,238,228,230,234,233,227,0.51,0.51,0.5626,0.5626,0.6628,0.6628,0.9196,0.9196
Valbroye,Broye-Vully,3416,7.674301369863015,9.29216347,Payerne,3035,3174,3296,3373,3349,3361,3406,3435,3416,7.6743,7.6743,8.4668,8.4668,9.9736,9.9736,13.8393,13.8393
Valeyres-sous-Montagny,Jura-Nord vaudois,717,1.6107945205479453,2.033922767,Hôpital de Chamblon,705,708,709,714,697,703,703,706,717,1.6108,1.6108,1.7771,1.7771,2.0934,2.0934,2.9048,2.9048
Valeyres-sous-Rances,Jura-Nord vaudois,573,1.2872876712328767,2.6576814829999997,Hôpital d'Orbe,631,622,620,609,614,606,583,583,573,1.2873,1.2873,1.4202,1.4202,1.673,1.673,2.3214,2.3214
Valeyres-sous-Ursins,Jura-Nord vaudois,225,0.5054794520547945,3.033234876,Hôpital d'Yverdon-les-Bains,238,232,227,241,247,241,237,236,225,0.5055,0.5055,0.5577,0.5577,0.6569,0.6569,0.9115,0.9115
Vallorbe,Jura-Nord vaudois,4434,9.961315068493152,10.832140240000001,Hôpital de Saint-Loup,3851,3852,3857,3874,3923,3987,4121,4328,4434,9.9613,9.9613,10.99,10.99,12.9458,12.9458,17.9636,17.9636
Vaulion,Jura-Nord vaudois,500,1.1232876712328768,9.193223223,Hôpital de Saint-Loup,482,469,496,506,492,483,486,489,500,1.1233,1.1233,1.2393,1.2393,1.4598,1.4598,2.0257,2.0257
Vaux-sur-Morges,Morges,185,0.41561643835616435,3.12727261,Hôpital de Morges,199,184,196,194,196,185,180,185,185,0.4156,0.4156,0.4585,0.4585,0.5401,0.5401,0.7495,0.7495
Vevey,Riviera-Pays-d'Enhaut,20179,45.33364383561644,0.2851865078,Les Moulins,19829,19904,19871,19780,19721,19743,20155,20146,20179,45.3336,45.3336,50.015,50.015,58.9158,58.9158,81.7516,81.7516
Veytaux,Riviera-Pays-d'Enhaut,1008,2.2645479452054795,0.79037646,Clinique Valmont,870,884,922,956,952,970,997,1043,1008,2.2645,2.2645,2.4984,2.4984,2.943,2.943,4.0837,4.0837
Vich,Nyon,1174,2.637479452054795,3.001464554,Clinique la Lignière,1026,1039,1083,1156,1157,1160,1174,1179,1174,2.6375,2.6375,2.9098,2.9098,3.4277,3.4277,4.7563,4.7563
Villars-Epeney,Jura-Nord vaudois,109,0.24487671232876715,3.694278539,Psychiatrie Nord CPNVD,106,100,102,101,95,92,101,108,109,0.2449,0.2449,0.2702,0.2702,0.3182,0.3182,0.4416,0.4416
Villars-le-Comte,Broye-Vully,129,0.28980821917808225,4.498185901,Moudon,142,132,122,120,133,138,135,132,129,0.2898,0.2898,0.3197,0.3197,0.3766,0.3766,0.5226,0.5226
Villars-le-Terroir,Gros-de-Vaud,1334,2.9969315068493154,10.393349599999999,Hôpital de Saint-Loup,1150,1213,1228,1281,1316,1308,1298,1307,1334,2.9969,2.9969,3.3064,3.3064,3.8948,3.8948,5.4045,5.4045
Villars-Sainte-Croix,Ouest lausannois,943,2.118520547945206,6.637984957,Hôpital ophtalmique Jules-Gonin,935,963,973,958,958,978,980,955,943,2.1185,2.1185,2.3373,2.3373,2.7532,2.7532,3.8204,3.8204
Villars-sous-Yens,Morges,603,1.3546849315068494,1.568617259,Institution de Lavigny,614,608,603,615,626,615,609,602,603,1.3547,1.3547,1.4946,1.4946,1.7606,1.7606,2.4429,2.4429
Villarzel,Broye-Vully,522,1.1727123287671233,8.210211236,Payerne,417,446,451,477,500,486,525,524,522,1.1727,1.1727,1.2938,1.2938,1.5241,1.5241,2.1148,2.1148
Villeneuve,Aigle,6073,13.643452054794523,1.920025695,HRC,5672,5771,5772,5837,5918,5979,6057,6039,6073,13.6435,13.6435,15.0523,15.0523,17.7311,17.7311,24.6037,24.6037
Vinzel,Nyon,385,0.8649315068493151,2.408299131,Clinique la Lignière,371,358,355,385,369,378,381,387,385,0.8649,0.8649,0.9542,0.9542,1.1241,1.1241,1.5598,1.5598
Vuarrens,Gros-de-Vaud,1113,2.5004383561643837,9.420386929000001,Hôpital d'Yverdon-les-Bains,1003,1001,1054,1060,1097,1106,1103,1120,1113,2.5004,2.5004,2.7586,2.7586,3.2496,3.2496,4.5091,4.5091
Vucherens,Broye-Vully,634,1.4243287671232876,5.3255373740000005,Moudon,583,577,580,617,623,637,635,622,634,1.4243,1.4243,1.5714,1.5714,1.8511,1.8511,2.5685,2.5685
Vufflens-la-Ville,Gros-de-Vaud,1327,2.981205479452055,4.76349841,Permanence de Cossonay,1284,1298,1295,1349,1346,1334,1336,1342,1327,2.9812,2.9812,3.2891,3.2891,3.8744,3.8744,5.3761,5.3761
Vufflens-le-Château,Morges,887,1.9927123287671238,2.416375019,Hôpital de Morges,884,886,883,870,894,884,882,838,887,1.9927,1.9927,2.1985,2.1985,2.5897,2.5897,3.5935,3.5935
Vugelles-La Mothe,Jura-Nord vaudois,142,0.31901369863013695,5.418342794999999,Hôpital de Chamblon,122,132,135,138,140,137,151,147,142,0.319,0.319,0.352,0.352,0.4146,0.4146,0.5753,0.5753
Vuiteboeuf,Jura-Nord vaudois,616,1.383890410958904,4.692919445999999,Les Rosiers,574,584,576,584,591,592,586,607,616,1.3839,1.3839,1.5268,1.5268,1.7985,1.7985,2.4956,2.4956
Vulliens,Broye-Vully,630,1.4153424657534248,5.218530681,Moudon,515,595,614,624,631,632,646,628,630,1.4153,1.4153,1.5615,1.5615,1.8394,1.8394,2.5523,2.5523
Vullierens,Morges,577,1.2962739726027397,4.7529738219999995,Permanence de Cossonay,499,507,513,542,560,562,571,548,577,1.2963,1.2963,1.4301,1.4301,1.6846,1.6846,2.3376,2.3376
Vully-les-Lacs,Broye-Vully,3698,8.307835616438355,12.70680363,Payerne,3080,3163,3278,3360,3465,3540,3614,3639,3698,8.3078,8.3078,9.1657,9.1657,10.7969,10.7969,14.9818,14.9818
Yens,Morges,1481,3.327178082191781,2.028989356,Institution de Lavigny,1395,1429,1477,1480,1499,1513,1505,1502,1481,3.3272,3.3272,3.6708,3.6708,4.324,4.324,6.0,6.0
Yverdon-les-Bains,Jura-Nord vaudois,30600,68.74520547945207,0.733473473,Hôpital d'Yverdon-les-Bains,30208,30211,30189,29981,29705,29877,30221,30332,30600,68.7452,68.7452,75.8441,75.8441,89.3416,89.3416,123.9704,123.9704
Yvonand,Jura-Nord vaudois,3536,7.943890410958904,7.470767858,Psychiatrie Nord CPNVD,3351,3426,3434,3467,3510,3531,3536,3525,3536,7.9439,7.9439,8.7642,8.7642,10.3239,10.3239,14.3255,14.3255
Yvorne,Aigle,1119,2.5139178082191784,2.152111947,Molage,1057,1066,1071,1070,1038,1088,1108,1110,1119,2.5139,2.5139,2.7735,2.7735,3.2671,3.2671,4.5334,4.5334
